label;alt
MB508_Callulops_doriae;2
SJR8125_O._sp._Mappi_2;10
SJR8127_O._sp._Mappi_1;10
SJR8129_X._sp._Mappi_1;10
SJR8132_X._sp._Mappi_2;10
SJR8138_O._unicolor_3;10
SJR8098_H._sp._Mappi;18
ABTC90130_X._waigeo;20
BPBM20502_O._meliades;20
ABTC141597_O._sp._Purari_2;30
SJR8218_X._sp._Bintuni_Rawara;33
ABTC90029_X._sp._Marina_Valen;35
ABTC90065_O._sp._Marina_Valen;35
O._aurora;40
O._philosylleptoris;40
ABTC109596_O._biroi_3;45
FN7984_X._sp._Yapen;48
SJR7954_X._sp._Noau;48
LSUMZ94918_H._sp._Amau;50
SJR8206_X._sp._Merauke_2;54
SJR8209_X._sp._Merauke_1;54
X._sp._Frieda_2;65
BPBM39509_O._phoebe;67
X._sp._Rawara;67
ABTC90189_X._salawati;75
ABTC90244_O._sp._Foya_2;75
Austrochaperina_sp.;80
ABTC98833_O._furu;90
O._oviprotector_3;90
ABTC128899_X._lacrimosa_7;100
ABTC141497_O._sp._Purari_1;100
LSUMZ93067_H._sp._Utai1;100
LSUMZ93072_H._sp._Utai2;100
X._pohleorum_2;100
ABTC138858_X._lacrimosa_4;110
ABTC112064_X._cf._ventrimaculata_2;115
Asterophrys_slateri;120
BPBM13155_Callulops_eremnosphax;120
ABTC114712_O._sp._Frieda_1;125
ABTC147930_O._pseudunicolor_3;125
BPBM20451_O._banshee;127
MZB.Amp.31745_O._jeffersoniana;138
O._pseudunicolor_4;145
EAA364_X._sp._Lobo_1;149
SJR2003_O._sp._Bintuni_2;159
SJR8060_H._sp._Bintuni_Rawara;159
SJR8216_O._sp._Bintuni_1;159
X._ventrimaculata_3;175
ABTC111984_X._cf._ventrimaculata_1;180
ABTC112023_X._sp._Yapsiei;180
ABTC104664_O._brachypus_2;200
PCMB9410_H._sp._Prince_Alexanders;209
ABTC98740_X._ventrimaculata;210
Copiula_oxyrhina;214
MZB_Amp_16265_O._monticola;225
ABTC101909_O._sp._Juha_1;230
MZB.Amp.33205_O._celebensis;242
Asterophrys_turpicola;250
ABTC101842_O._nicolasi;290
BPBM15720_O._equus;300
BPBM17047_H._sp._Misima;327
ABTC90074_O._sp._Cyclops;330
BPBM7786_Callulops_sp._2;330
X._sp._North;330
TNHC58922_O._variabilis;343
H._sp._Milne_Bay;346
BPBM18121_O._picticrus;350
ABTC136050_X._pohleorum;380
ABTC136051_X._lacrimosa;380
X._wiegankorum;380
EAA463_O._sp._Urisa;382
O._unicolor;382
X._sp._Urisa;382
Callulops_valvifer;382
EAA403_X._sp._Lobo_2;394
EAA470_H._lengguru;394
EAA303_Cophixalus_tetzlaffi;394
ABTC114993_O._hypsiops;400
ABTC114994_O._biroi_6;400
Asterophrys_pullifer;400
EAA459_Sphenophryne_cornuta;400
O._loriae;400
BPBM34688_O._biroi_2;410
BPBM22781_O._parkeri;416
ZMB62404_H._nigrinus;421
ABTC98617_X._lacrimosa_2;435
ABTC98644_X._pohleorum_3;435
O._oviprotector_5;435
ABTC114912_O._biroi_4;440
O._hypsiops_2;440
O._roedeli;441
H._monophonus;441
CEBB45810_H._sp._PNG;500
FN7610_H._tetraphonus_Wondiwoi;500
FN7719_O._sibilans;500
ABTC90034_X._sp._Foya;500
ABTC90044_O._sp._North_Coast;500
ABTC90058_X._obesa;500
ABTC90064_O._unicolor_2;500
ZMB70319_H._sp._Yapen;500
ZMB70322_H._tetraphonus_Nabire;500
Mantophryne_lateralis;500
O._atrigularis;513
ABTC116774_H._sigridae;515
BPBM37122_Callulops_sp._1;530
O._geislerorum;530
O._oviprotector;540
SJR13117_O._cf._unicolor_2;540
H._cf._rufescens_2;540
BPBM2011_Callulops_doriae_2;549
BPBM22689_O._cameroni;550
BPBM22795_X._tumulus;550
PCMB14933_H._sp._Normanby;559
H._proekes_Torricelli;560
PCMB8922_H._sp._Torricelli;583
Cophixalus_balbus;583
H._proekes_Adelberts;583
Copiula_major;598
ZMB70535_Asterophrys_eurydactyla;600
H._sp._Cape_Nelson;612
BPBM15736_O._anser_2;615
FN7467_O._cf._wapoga;630
FN7761_O._aspelinicola;630
O._ezra;650
BPBM35836_Callulops_microtis;694
ABTC50081_O._brachypus_3;703
BPBM15723_O._anser;715
BPBM20531_O._gagneorum_2;720
BPBM20542_O._gagneorum;720
PCMB8228_H._extimus;741
FN7953_X._oxycephala;745
Cophixalus_monosyllabus;745
Callulops_personatus;750
PCMB8816_H._sp._Central;758
O._sp._Pnyang_2;760
PMO15_O._nicolasi_2;760
FN7744_O._atrigularis_2;782
H._atrifasciatus;784
X._cf._oxycephala;791
O._pseudunicolor;830
BPBM40142_O._brunnea;833
ABTC114776_O._sp._Frieda_3;835
ABTC114790_X._sp._Frieda_1;835
ABTC114872_O._sp._Frieda_6;835
O._sp._Frieda_2;835
PCMB9682_H._sp._Adelberts;839
ABTC42916_H._sp._Keki;839
TR039_X._sp._Tambrauw;847
TR061_H._sp._Tambrauw;847
BPBM34678_O._cameroni_2;854
BPBM34690_O._biroi;854
O._brachypus;865
Asterophrys_marani;875
PCMB7559_H._sp._Mt._Simpson;875
ZMB70185_Asterophrys_cf._marani;875
O._clamata;900
O._sp._Milne_1;900
O._sp._Milne_4;900
TNHCGDC31221_H._sp._Morobe;900
ABTC98347_O._oviprotector_2;930
FN7336_H._wondiwoi;950
ABTC101875_O._sp._Juha2;950
ABTC101886_X._perexigua;950
ABTC114772_X._cf._arboricola;950
O._sp._Frieda_4;950
O._sp._Frieda_5;950
X._lacrimosa_3;950
X._tillacki;950
Callulops_wondiwoiensis;950
SJR8160_H._sp._Cyclops_1;961
SJR8178_H._sp._Cyclops_2;961
BPBM42014_O._penelopeia;980
TNHC_GDC18615_O._sp._GDC18615;1000
BJE1142_O._frontifasciata_1;1016
O._sp._BN;1021
Callulops_robustus;1028
ABTC162225_O._nicolasi_3;1035
EAA358_H._maculatus;1044
PCMB9911_H._myopicus;1044
BPBM40146_O._sp._Milne_5;1045
ABTC112120_O._sp._Muruyane;1050
PCMB7002_H._sp._Fergusson;1055
SJR14650_O._flavomaculata_2;1075
SJR14689_H._cf._rufescens_1;1075
SJR14721_O._sp._Pnyang;1075
ABTC98546_O._sp._Huon;1100
MZBAmph.6918_H._sextus;1100
FN7753_X._varia;1102
O._pseudasplenicola;1102
X._lanthanites;1102
H._sp._Binigun;1117
EAA527_O._sp._Kumawa_2;1127
FN7638_H._picoides;1127
O._sp._Kumawa_1;1127
X._sp._Birds_Neck;1127
TNHC51333_H._sp._Huon;1193
ABTC90328_O._sp._Foya_1;1250
X._arboricola;1250
ABTC98539_H._infulatus;1254
BPBM22789_O._parkopanorum;1320
O._inornata;1330
ABTC101773_O._sp._Karius_3;1368
ABTC101777_X._woxvoldi;1368
ABTC101794_O._sp._Karius_2;1368
ABTC101808_O._sp._Karius_1;1368
O._oviprotector_4;1368
O._cf._unicolor_1;1395
O._matawan;1400
ABTC162224_O._sp._Iagifu_1;1403
O._sp._Iagifu_2;1403
BPBM18002_O._sp._Milne_3;1420
ABTC98428_O._pseudunicolor_2;1430
X._lacrimosa_5;1430
O._sp._Tualapa;1438
BPBM19236_Callulops_bicolor;1560
BPBM18450_H._sp._Mt._Shungol;1580
PCMB8086_H._sp._Mt._Obree;1590
ABTC116863_O._curator;1600
H._sp._Moro_Merauke;1613
BPBM18507_O._lemur;1620
ABTC112359_O._sp._Moran;1700
ABTC90276_O._albitympanum;1700
ABTC90284_O._sp._Foya_bog_1;1700
ABTC90295_O._sp._Foya_bog_2;1700
O._sp._Central;1730
BPBM28153_Asterophrys_leucopus;1749
ABTC148031_O._sp._Hindenburg;1770
ABTC126555_O._sp._Mananda_Ridge;1813
O._anamiatoi_2;1813
X._parkerorum;1813
O._insulana;1830
ABTC98304_H._rainerguentheri;1883
BPBM33780_X._cf._parkerorum;1910
ABTC101965_O._notata;2060
O._anamiatoi_3;2060
MZB.Amp.26612_O._zimmeri;2078
BPBM18003_O._sp._Milne_2;2170
O._albomaculata;2177
O._anamiatoi;2177
Callulops_wilhelmanus;2177
ABTC111879_O._sp._Mt._Michael;2180
H._richardsi;2261
ABTC133743_X._sp._Mt._Mimi;2450
ABTC133763_O._sp._Mt._Mimi;2450
PNMCMNHH1366_O._anulata;2469
ABTC112404_X._fuscigula;2490
MZB.Amp.17493_O._riyantoi;2584
ABTC116955_O._graminus;2875
ABTC99012_O._streiffeleri;2950
